Date,Title,Location,Time,Description,Category,Audience
"Wednesday July 1, 2026",Storytime,PASEO VERDE LIBRARY,9:30am - 10:00am,"Join us for stories, music, and fun activities! Ages 0-5 and caregivers.",Storytime,"Preschoolers, Babies & Toddlers"
"Wednesday July 1, 2026",Summer Movie,JAMES I. GIBSON LIBRARY,10:00am - 12:00pm,Bring your family and some snacks and join us for a fun movie and free air-conditioning! We'll be watching Hercules (G; 1hr 33min).,Movie,Families Outreach Event | 4th of July Kids
"Wednesday July 1, 2026",Parade & 250th Celebration,OUTREACH,10:00am - 12:00pm,"Celebrate ""Stars, Stripes & Storytime""!",Outreach,All Ages
"Wednesday July 1, 2026",Storytime,PASEO VERDE LIBRARY,10:30am - 11:00am,"Join us for stories, music, and fun activities! Ages 0-5 and caregivers.",Storytime,"Preschoolers, Babies & Toddlers"
"Wednesday July 1, 2026",STEAM Team,PASEO VERDE LIBRARY,2:30pm - 3:15pm,Join us for a celebration of America with crafts and special visitors from the Daughters of the American Revolution. Ages 6-11*. No younger children allowed.,General • STEAM,Kids
"Wednesday July 1, 2026",Conversational Spanish Meet up,PASEO VERDE LIBRARY,5:30pm - 6:45pm,Join us as we build confidence in our Spanish speaking skills while exploring the richness of Hispanic cultures. See Customer Service for a pass. 18+,Local Topics & Meetings • Culture & Diversity,Adults
"Thursday July 2, 2026",Storytime,JAMES I. GIBSON LIBRARY,9:30am - 10:00am,"Join us for stories, music, and fun activities! Ages 0-5 and caregivers.",Storytime,"Preschoolers, Babies & Toddlers Henderson Libraries  Date Range"
"Thursday July 2, 2026",07/01/2026 - 07/31/2026,Location,All Locations,,Event Type All Types,"Age Group All Ages REGISTERED EVENTS Please sign up for any registered events. Sign up at: http://hendersonlibraries.com/events, call 702-707-BOOK (2665) or pop into any of our locations. Page 1 of 14 --footer-line"
"Thursday July 2, 2026",Summer Movie,PASEO VERDE LIBRARY,10:00am - 12:00pm,Bring your family and some snacks and join us for a fun movie and free air-conditioning! We'll be watching The LEGO Batman Movie. (PG; 144min).,Movie,Families
"Thursday July 2, 2026",Storytime,JAMES I. GIBSON LIBRARY,10:30am - 11:00am,"Join us for stories, music, and fun activities! Ages 0-5 and caregivers.",Storytime,"Preschoolers, Babies & Toddlers"
"Thursday July 2, 2026",STEAM Team,JAMES I. GIBSON LIBRARY,2:30pm - 3:15pm,Join us for a celebration of America with crafts and special visitors from the Daughters of the American Revolution. Ages 6-11*. No younger children allowed.,General • STEAM,Kids
"Thursday July 2, 2026",Tai Chi with Jeanne,PASEO VERDE LIBRARY,3:00pm - 4:00pm,"Discover Tai Chi almost every Thursday in a welcoming class for all abilities. Gentle movements, standing or seated, help improve balance, calm the mind, and promote overall wellbeing.",Health & Wellness,Adults
"Thursday July 2, 2026",Paint & Punch,GREEN VALLEY LIBRARY,3:00pm - 4:00pm,Novice painters unite! Join us at Green Valley Library for an evening of painting and socializing. Experience is not necessary. Pick up a pass 30-minutes prior. Supplies are provided. Adults only.,Arts & Creativity,Adults
"Friday July 3, 2026",(OBSERVED),ALL LOCATIONS,12:00am - 11:59pm,"All Henderson Libraries locations will be closed for Independence Day. Regular hours to resume Monday, July 6th.",Closed,"Tweens, Teens, Preschoolers, Kids, Families, Babies & Toddlers, All Ages, Adults"
"Saturday July 4, 2026",CLOSED FOR INDEPENDENCE DAY,ALL LOCATIONS,12:00am - 11:59pm,"All Henderson Libraries locations will be closed for Independence Day. Regular hours to resume Monday, July 6th.",Closed,"Tweens, Teens, Preschoolers, Kids, Families, Babies & Toddlers, All Ages, Adults"
"Monday July 6, 2026",Paint with Me,JAMES I. GIBSON LIBRARY,10:00am - 10:45am,Join us for a morning of hands-on activities and stories about art. Ages 3-5 and caregivers.,Storytime • Arts & Creativity,Preschoolers
"Monday July 6, 2026",Yin Yoga for Beginners,PASEO VERDE LIBRARY,10:00am - 11:00am,"This calming yoga session can help improve flexibility, balance, and mindfulness. Space is limited. Passes are available at the Adult Services desk 30 minutes before the program.",Health & Wellness,Adults
"Monday July 6, 2026",Family Fun,PASEO VERDE LIBRARY,6:00pm - 6:45pm,"Come by with the whole family for an evening of fun with games, crafts, and more! For families with children.",Arts & Creativity • Fun & Games,Families Page 2 of 14 --footer-line
"Tuesday July 7, 2026",Paint with Me,PASEO VERDE LIBRARY,10:00am - 10:45am,Join us for a morning of hands-on activities and stories about art. Ages 3-5 and caregivers.,Storytime • Arts & Creativity,Preschoolers
"Tuesday July 7, 2026",Computer Basics,JAMES I. GIBSON LIBRARY,10:00am - 11:00am,Designed to help new users swiftly and easily learn the fundamentals of computer use. No computer knowledge is required. Space is limited.,Computers & Technology,Adults
"Tuesday July 7, 2026",Bereavement Support Group,PASEO VERDE LIBRARY,1:00pm - 2:30pm,"In partnership with Nathan Adelson Hospice, this group offers a welcoming space for adults coping with loss. Share experiences, find comfort, and connect with others on a similar journey. 18+",Local Topics & Meetings • Health & Wellness,Adults
"Tuesday July 7, 2026",LEGO League,GREEN VALLEY LIBRARY,2:30pm - 3:15pm,We'll provide the LEGOs — you provide the imagination! For families.,STEAM • Fun & Games,Families
"Tuesday July 7, 2026",Outreach Event | Library Stop,OUTREACH,3:15pm - 4:15pm,Library Fun Has Just Begun!,Outreach,All Ages
"Tuesday July 7, 2026",LEGO League,WEST HENDERSON LIBRARY,3:30pm - 4:15pm,We'll provide the LEGOs — you provide the imagination! For families.,STEAM • Fun & Games,Families
"Tuesday July 7, 2026",Learn Hands-On CPR,PASEO VERDE LIBRARY,5:30pm - 6:30pm,"This Hands-Only CPR Workshop teaches a simple, effective way to help someone in need. 18+. See customer service for a pass.",Health & Wellness • Presentations & Workshops,Adults
"Wednesday July 8, 2026",Storytime,PASEO VERDE LIBRARY,9:30am - 10:00am,"Join us for stories, music, and fun activities! Ages 0-5 and caregivers.",Storytime,"Preschoolers, Babies & Toddlers"
"Wednesday July 8, 2026",Summer Movie,JAMES I. GIBSON LIBRARY,10:00am - 12:00pm,Bring your family and some snacks and join us for a fun movie and free air-conditioning! We'll be watching Ice Age: Dawn of the Dinosaurs. (PG; 1hr 34min).,Movie,Families
"Wednesday July 8, 2026",Storytime,PASEO VERDE LIBRARY,10:30am - 11:00am,"Join us for stories, music, and fun activities! Ages 0-5 and caregivers.",Storytime,"Preschoolers, Babies & Toddlers"
"Wednesday July 8, 2026",Outreach Event | Library Stop,OUTREACH,11:30am - 1:00pm,Join Henderson Libraries & Henderson Vet Center every second Wednesday of the month!,Outreach,All Ages
"Wednesday July 8, 2026",STEAM Team,PASEO VERDE LIBRARY,2:30pm - 3:15pm,Come have fun with some glow-in-the-dark activities! Ages 6-11*. No younger children allowed.,General • STEAM,Kids Page 3 of 14 --footer-line
"Wednesday July 8, 2026",Teen Makerspace,PASEO VERDE LIBRARY,4:00pm - 6:00pm,Want to try your hand on some new crafts? Join your fellow library teens and create something new this summer! Ages 11-17. No parents please.,Arts & Creativity,Teens
"Wednesday July 8, 2026",Family Fun,JAMES I. GIBSON LIBRARY,6:00pm - 6:45pm,"Come by with the whole family for an evening of fun with games, crafts, and more! For families with children.",Arts & Creativity • Fun & Games,Families
"Thursday July 9, 2026",Mobile Showers with Clean the World,PARKING LOT - JAMES I. GIBSON,9:00am - 1:00pm,Henderson Libraries is partnering with Clean the World to provide hot showers and hygiene packs.,Health & Wellness,"Families, Adults"
"Thursday July 9, 2026",Storytime,JAMES I. GIBSON LIBRARY,9:30am - 10:00am,"Join us for stories, music, and fun activities! Ages 0-5 and caregivers.",Storytime,"Preschoolers, Babies & Toddlers"
"Thursday July 9, 2026",Summer Movie,PASEO VERDE LIBRARY,10:00am - 12:00pm,Bring your family and some snacks and join us for a fun movie and free air-conditioning! We'll be watching Hoppers. (PG; 1hr 44min).,Movie,Families
"Thursday July 9, 2026",Storytime,JAMES I. GIBSON LIBRARY,10:30am - 11:00am,"Join us for stories, music, and fun activities! Ages 0-5 and caregivers.",Storytime,"Preschoolers, Babies & Toddlers"
"Thursday July 9, 2026",STEAM Team,JAMES I. GIBSON LIBRARY,2:30pm - 3:15pm,Come have fun with some glow-in-the-dark activities! Ages 6-11*. No younger children allowed.,General • STEAM,Kids
"Thursday July 9, 2026",Tai Chi with Jeanne,PASEO VERDE LIBRARY,3:00pm - 4:00pm,"Discover Tai Chi almost every Thursday in a welcoming class for all abilities. Gentle movements, standing or seated, help improve balance, calm the mind, and promote overall wellbeing.",Health & Wellness,Adults
"Thursday July 9, 2026",Teen Makerspace,JAMES I. GIBSON LIBRARY,4:00pm - 6:00pm,Want to try your hand on some new crafts? Join your fellow library teens and create something new this summer! Ages 11-17. No parents please.,Arts & Creativity,Teens
"Thursday July 9, 2026",Art Journaling workshop series,GREEN VALLEY LIBRARY,4:00pm - 5:30pm,"Discover the joy of art journaling through color, doodles, lines, and collage. Space is limited. Please see Customer Service for a pass 30 minutes before the program starts. 18 +",Arts & Creativity,Adults REGISTERED EVENT Practical AI Skills for Today’s
"Thursday July 9, 2026",Workforce,PASEO VERDE LIBRARY,5:30pm - 7:00pm,"Discover practical ways AI tools can support communication, organization, brainstorming, research, and productivity in today’s workplace.",Computers & Technology,Adults Page 4 of 14 --footer-line
"Friday July 10, 2026",Outreach Event | StoryWalk®,OUTREACH,8:00am - 10:00am,Let your imagination come to life!,Outreach,All Ages
"Friday July 10, 2026",Life Stories That Connect Us,PASEO VERDE LIBRARY,10:00am - 11:00am,"Meet, Share, Connect, and Be Inspired. Come join the conversation! This is a great opportunity to meet others in your community! Ages 18+",Local Topics & Meetings,Adults
"Friday July 10, 2026",Storytime,GREEN VALLEY LIBRARY,10:15am - 10:45am,"Join us for stories, music, and fun activities! Ages 0-5 and caregivers.",Storytime,"Preschoolers, Babies & Toddlers REGISTERED EVENT"
"Friday July 10, 2026",Storytime,WEST HENDERSON LIBRARY,10:15am - 10:45am,"Join us for stories, music, and fun activities! Ages 0-5 and caregivers. Registration required. Check in at the Customer Service Desk.",Storytime,"Preschoolers, Babies & Toddlers"
"Friday July 10, 2026",Storytime,GREEN VALLEY LIBRARY,11:00am - 11:30am,"Join us for stories, music, and fun activities! Ages 0-5 and caregivers.",Storytime,"Preschoolers, Babies & Toddlers REGISTERED EVENT"
"Friday July 10, 2026",Storytime,WEST HENDERSON LIBRARY,11:15am - 11:45am,"Join us for stories, music, and fun activities! Ages 0-5 and caregivers. Registration required. Check in at the Customer Service Desk.",Storytime,"Preschoolers, Babies & Toddlers"
"Friday July 10, 2026",Conversational English Class,PASEO VERDE LIBRARY,12:00pm - 1:30pm,"Join our Conversational English program for relaxed, friendly conversation practice. Build confidence, meet new people, and practice everyday English in a supportive, low-pressure setting. 18+",Local Topics & Meetings • Culture & Diversity,Adults
"Friday July 10, 2026",Bug Science for Teens!,GREEN VALLEY LIBRARY,2:30pm - 3:30pm,"Explore outdoor science with Bug Science! Come learn about butterflies through games & hands-on activities, including creating a pinned butterfly display. Ages 11-17. No parents please.",STEAM • Arts & Creativity,Teens
"Friday July 10, 2026",Gentle Yoga,JAMES I. GIBSON LIBRARY,3:30pm - 4:30pm,"Relax and enjoy the benefits of yoga! This class meets on the 2nd and 4th Fridays of the month. We welcome participants of all levels, including little to no experience. Socks required.",Health & Wellness,Adults Page 5 of 14 --footer-line
"Saturday July 11, 2026",& Wellness Conversations,PASEO VERDE LIBRARY,9:00am - 12:00pm,We invite you to participate in a world café-style discussion on neighborhood mobility and traffic safety from the perspectives of Nevadans.,Local Topics & Meetings,Adults
"Saturday July 11, 2026",Storytime,PASEO VERDE LIBRARY,9:30am - 10:00am,"Join us for stories, music, and fun activities! Ages 0-5 and caregivers.",Storytime,"Preschoolers, Babies & Toddlers"
"Saturday July 11, 2026",Storytime,PASEO VERDE LIBRARY,10:30am - 11:00am,"Join us for stories, music, and fun activities! Ages 0-5 and caregivers.",Storytime,"Preschoolers, Babies & Toddlers REGISTERED EVENT"
"Saturday July 11, 2026",Homemade Hobbies for Adults,WEST HENDERSON LIBRARY,10:30am - 12:00pm,"Adult craft-making can be a fun, stress-relieving pastime. Rediscover the joy of these carefree activities. Register to guarantee your spot! Space is limited. Ages 18+",Arts & Creativity,Adults Paleontological History of Red Rock
"Saturday July 11, 2026",Canyon,GREEN VALLEY LIBRARY,1:00pm - 2:00pm,Unearth this story at the Green Valley Library as we dive into our Paleontological history of Red Rock Canyon presented by Red Rock Canyon NCA. All ages welcome!,Presentations & Workshops,All Ages
"Saturday July 11, 2026",Safe@Home,PASEO VERDE LIBRARY,2:30pm - 3:30pm,"Safe@Home by Safe Sitter® is a 90-minute program designed for kids in grades 4-6 to prepare them to be safe when they are home alone. Topics include: Safety, Handling emergencies & first aid.",Health & Wellness,Kids
"Saturday July 11, 2026",Bug Science for Teens!,JAMES I. GIBSON LIBRARY,2:30pm - 3:30pm,"Explore outdoor science with Bug Science! Come learn about butterflies through games & hands-on activities, including creating a pinned butterfly display. Ages 11-17. No parents please.",STEAM • Arts & Creativity,Teens
"Monday July 13, 2026",Bilingual Storytime,JAMES I. GIBSON LIBRARY,10:00am - 10:30am,Disfruta el tiempo de cuentos y canciones en inglés y en español. Enjoy our music and storytime in English and Spanish. Ages 0-5 and their caregivers.,Storytime • Culture & Diversity,"Preschoolers, Babies & Toddlers"
"Monday July 13, 2026",Yin Yoga for Beginners,PASEO VERDE LIBRARY,10:00am - 11:00am,"This calming yoga session can help improve flexibility, balance, and mindfulness. Space is limited. Passes are available at the Adult Services desk 30 minutes before the program.",Health & Wellness,Adults
"Monday July 13, 2026",Adaptive Storytime,PASEO VERDE LIBRARY,4:00pm - 4:30pm,This storytime is for any family with children ages 0-12 who wants to enjoy storytime in a nonjudgmental environment.,Storytime,Families Page 6 of 14 --footer-line
"Tuesday July 14, 2026",Bilingual Storytime,PASEO VERDE LIBRARY,10:00am - 10:30am,Disfruta el tiempo de cuentos y canciones en inglés y en español. Enjoy our music and storytime in English and Spanish. Ages 0-5 and their caregivers.,Storytime • Culture & Diversity,"Preschoolers, Babies & Toddlers"
"Tuesday July 14, 2026",Computer Basics,PASEO VERDE LIBRARY,10:00am - 11:00am,Designed to help new users swiftly and easily learn the fundamentals of computer use. No computer knowledge is required. Space is limited.,Computers & Technology,Adults
"Tuesday July 14, 2026",STEAM Team,GREEN VALLEY LIBRARY,2:30pm - 3:15pm,Come have fun with some glow-in-the-dark activities! Ages 6-11*. No younger children allowed.,General • STEAM,Kids
"Tuesday July 14, 2026",Pop Up-STEAM Team,WEST HENDERSON LIBRARY,3:30pm - 4:30pm,Drop by our table anytime from 3:30pm-4:30pm for some fun STEAM activities! For families with children.,STEAM,Families
"Tuesday July 14, 2026",Speed Friending,JAMES I. GIBSON LIBRARY,5:00pm - 6:30pm,Join us for a fun and low pressure way to meet new people. 18+. See customer service for a pass.,Fun & Games,Adults
"Wednesday July 15, 2026",Storytime,PASEO VERDE LIBRARY,9:30am - 10:00am,"Join us for stories, music, and fun activities! Ages 0-5 and caregivers.",Storytime,"Preschoolers, Babies & Toddlers"
"Wednesday July 15, 2026",EmployNV Outreach Initiative,JAMES I. GIBSON LIBRARY,10:00am - 12:00pm,"Stop by to hear about EmployNV services, no- cost public workforce system, that are currently being offered at our James I. Gibson library!",Presentations & Workshops,Adults
"Wednesday July 15, 2026",Summer Movie,JAMES I. GIBSON LIBRARY,10:00am - 12:00pm,Bring your family and some snacks and join us for a fun movie and free air-conditioning! We'll be watching The Super Mario Galaxy Movie (PG; 1hr 39min).,Movie,Families
"Wednesday July 15, 2026",Storytime,PASEO VERDE LIBRARY,10:30am - 11:00am,"Join us for stories, music, and fun activities! Ages 0-5 and caregivers.",Storytime,"Preschoolers, Babies & Toddlers"
"Wednesday July 15, 2026",No Pressure Senior Book Club,HERITAGE PARK SENIOR FACILITY,LIBRARY,"1:00pm - 2:15pm Join us to discuss a new book each month and share other titles you've been reading. For adults ages 50+. This month's book is ""The Hunger Games"" by Suzanne Collins.",Book Club,Adults
"Wednesday July 15, 2026",STEAM Team,PASEO VERDE LIBRARY,2:30pm - 3:15pm,"Come make some summer art with glue, salt, and watercolors! Ages 6-11*. No younger children allowed.",General • STEAM,Kids Page 7 of 14 --footer-line
"Wednesday July 15, 2026",Teen Movie Book Club,PASEO VERDE LIBRARY,4:00pm - 6:30pm,"Love seeing your favorite stories come to life? Read the book then come to the library to watch the movie. After, we’ll chat about how they compare! Snacks included! For ages 13-17. No parents please.",Book Club • Movie,Teens
"Wednesday July 15, 2026",Conversational Spanish Meet up,PASEO VERDE LIBRARY,5:30pm - 6:45pm,Join us as we build confidence in our Spanish speaking skills while exploring the richness of Hispanic cultures. See Customer Service for a pass. 18+,Local Topics & Meetings • Culture & Diversity,Adults
"Thursday July 16, 2026",Mobile Showers with Clean the World,JAMES I. GIBSON PARKING LOT,9:00am - 1:00pm,Henderson Libraries is partnering with Clean the World to provide hot showers and hygiene packs.,Health & Wellness,"Families, Adults"
"Thursday July 16, 2026",Storytime,JAMES I. GIBSON LIBRARY,9:30am - 10:00am,"Join us for stories, music, and fun activities! Ages 0-5 and caregivers.",Storytime,"Preschoolers, Babies & Toddlers"
"Thursday July 16, 2026",Summer Movie,PASEO VERDE LIBRARY,10:00am - 12:00pm,Bring your family and some snacks and join us for a fun movie and free air-conditioning! We'll be watching Sing (PG; 1hr 50min).,Movie,Families
"Thursday July 16, 2026",League of Women Voters of Nevada,PASEO VERDE LIBRARY,10:00am - 12:00pm,Stop by and chat with members of The League of Women Voters of Nevada.,Local Topics & Meetings,Adults
"Thursday July 16, 2026",Storytime,JAMES I. GIBSON LIBRARY,10:30am - 11:00am,"Join us for stories, music, and fun activities! Ages 0-5 and caregivers.",Storytime,"Preschoolers, Babies & Toddlers Sloan Canyon Presents Red Rock"
"Thursday July 16, 2026",Search and Rescue,WEST HENDERSON LIBRARY,10:30am - 11:30am,Learn about the nature of our surrounding valley through a presentation by Sloan Canyon National Conservation. Age 5+ and caregivers.,Local Topics & Meetings,Adults
"Thursday July 16, 2026",STEAM Team,JAMES I. GIBSON LIBRARY,2:30pm - 3:15pm,"Come make some summer art with glue, salt, and watercolors! Ages 6-11*. No younger children allowed.",General • STEAM,Kids
"Thursday July 16, 2026",Tai Chi with Jeanne,PASEO VERDE LIBRARY,3:00pm - 4:00pm,"Discover Tai Chi almost every Thursday in a welcoming class for all abilities. Gentle movements, standing or seated, help improve balance, calm the mind, and promote overall wellbeing.",Health & Wellness,Adults Page 8 of 14 --footer-line
"Friday July 17, 2026",Storytime,GREEN VALLEY LIBRARY,10:15am - 10:45am,"Join us for stories, music, and fun activities! Ages 0-5 and caregivers.",Storytime,"Preschoolers, Babies & Toddlers REGISTERED EVENT"
"Friday July 17, 2026",Storytime,WEST HENDERSON LIBRARY,10:15am - 10:45am,"Join us for stories, music, and fun activities! Ages 0-5 and caregivers. Registration required. Check in at the Customer Service Desk.",Storytime,"Preschoolers, Babies & Toddlers"
"Friday July 17, 2026",Storytime,GREEN VALLEY LIBRARY,11:00am - 11:30am,"Join us for stories, music, and fun activities! Ages 0-5 and caregivers.",Storytime,"Preschoolers, Babies & Toddlers REGISTERED EVENT"
"Friday July 17, 2026",Storytime,WEST HENDERSON LIBRARY,11:15am - 11:45am,"Join us for stories, music, and fun activities! Ages 0-5 and caregivers. Registration required. Check in at the Customer Service Desk.",Storytime,"Preschoolers, Babies & Toddlers"
"Friday July 17, 2026",Magician!,GREEN VALLEY LIBRARY,12:00pm - 1:00pm,"Join us for a thrilling, interactive magic show, packed with fun and learning! For families with children.",Performances,Families
"Saturday July 18, 2026",Storytime,PASEO VERDE LIBRARY,9:30am - 10:00am,"Join us for stories, music, and fun activities! Ages 0-5 and caregivers.",Storytime,"Preschoolers, Babies & Toddlers"
"Saturday July 18, 2026",Vitalant Blood Drive,PASEO VERDE LIBRARY,9:30am - 12:15pm,Be a hero. Donate blood at the Vitalant blood drive.,Blood Drive,Adults
"Saturday July 18, 2026",Storytime,PASEO VERDE LIBRARY,10:30am - 11:00am,"Join us for stories, music, and fun activities! Ages 0-5 and caregivers.",Storytime,"Preschoolers, Babies & Toddlers From DNA to Discovery: Power of"
"Saturday July 18, 2026",Forensic Genetic Genealogy,GREEN VALLEY LIBRARY,11:00am - 12:00pm,"Join this fascinating discussion with Forensic Genetic Genealogist, Kharisma Rodriguez.",Presentations & Workshops,Adults
"Monday July 20, 2026",Red Rock Explorers Jr.,JAMES I. GIBSON LIBRARY,10:00am - 10:45am,Join us to learn about the world of dinosaurs! For ages 3-5 & their caregivers.,STEAM,Preschoolers Page 9 of 14 --footer-line
"Monday July 20, 2026",Yin Yoga for Beginners,PASEO VERDE LIBRARY,10:00am - 11:00am,"This calming yoga session can help improve flexibility, balance, and mindfulness. Space is limited. Passes are available at the Adult Services desk 30 minutes before the program.",Health & Wellness,Adults
"Monday July 20, 2026",Tween Dungeons & Dragons,PASEO VERDE LIBRARY,4:00pm - 5:00pm,Let's play some D&D! Open to new and experienced players. Ages 8-12.,Fun & Games,"Tweens, Kids"
"Monday July 20, 2026",LEGO League,PASEO VERDE LIBRARY,6:00pm - 6:45pm,We'll provide the LEGOs — you provide the imagination! For families.,STEAM • Fun & Games,Families
"Tuesday July 21, 2026",Henderson Libraries Board Meeting,PASEO VERDE LIBRARY,7:45am - 9:00am,"The Henderson Libraries Board of Trustees meets on the 3rd Thursday of the month, unless otherwise noted. This meeting is open to the public and is also accessible via Zoom.",Local Topics & Meetings,Adults
"Tuesday July 21, 2026",Red Rock Explorers Jr.,PASEO VERDE LIBRARY,10:00am - 10:45am,Join us to learn about the world of dinosaurs! For ages 3-5 & their caregivers.,STEAM,Preschoolers
"Tuesday July 21, 2026",Bereavement Support Group,PASEO VERDE LIBRARY,1:00pm - 2:30pm,"In partnership with Nathan Adelson Hospice, this group offers a welcoming space for adults coping with loss. Share experiences, find comfort, and connect with others on a similar journey. 18+",Local Topics & Meetings • Health & Wellness,Adults
"Tuesday July 21, 2026",Family Fun,GREEN VALLEY LIBRARY,2:30pm - 3:15pm,"Come by with the whole family for an evening of fun with games, crafts, and more! For families with children.",Arts & Creativity • Fun & Games,Families
"Tuesday July 21, 2026",Pop Up-Family Fun,WEST HENDERSON LIBRARY,3:30pm - 4:30pm,Drop by our table anytime from 3:30pm-4:30pm for some fun crafts or activities! For families with children.,Arts & Creativity • Fun & Games,Families The Mesozoic State of Mind: Trivia
"Tuesday July 21, 2026",Night,PASEO VERDE LIBRARY,5:00pm - 6:00pm,"A dinosaur-themed trivia night for adults featuring history, pop culture, and prehistoric facts. Play solo or in teams and test your knowledge across the Mesozoic Era. 18+",Fun & Games,Adults
"Tuesday July 21, 2026",Page Turners Book Club,JAMES I. GIBSON LIBRARY,5:30pm - 6:30pm,"Join us as we read and discuss a variety of interesting and pertinent fiction and non-fiction works. This month's book is ""Martyr! "" by Kaveh Akbar.",Book Club,Adults Page 10 of 14 --footer-line
"Wednesday July 22, 2026",Storytime,PASEO VERDE LIBRARY,9:30am - 10:00am,"Join us for stories, music, and fun activities! Ages 0-5 and caregivers.",Storytime,"Preschoolers, Babies & Toddlers"
"Wednesday July 22, 2026",Summer Movie,JAMES I. GIBSON LIBRARY,10:00am - 12:00pm,Bring your family and some snacks and join us for a fun movie and free air-conditioning! We'll be watching Monsters University (G; 1hr 44min).,Movie,Families
"Wednesday July 22, 2026",Storytime,PASEO VERDE LIBRARY,10:30am - 11:00am,"Join us for stories, music, and fun activities! Ages 0-5 and caregivers.",Storytime,"Preschoolers, Babies & Toddlers"
"Wednesday July 22, 2026",STEAM Team,PASEO VERDE LIBRARY,2:30pm - 3:15pm,Do you love the outdoors? Come make some camping themed crafts! Ages 6-11*. No younger children allowed.,STEAM,Kids
"Wednesday July 22, 2026",Tween Dungeons & Dragons,JAMES I. GIBSON LIBRARY,4:00pm - 5:00pm,Let's play some D&D! Open to new and experienced players. Ages 8-12.,General • STEAM • Fun & Games,"Tweens, Kids"
"Wednesday July 22, 2026",Teen Makerspace,PASEO VERDE LIBRARY,4:00pm - 6:00pm,Want to try your hand on some new crafts? Join your fellow library teens and create something new this summer! Ages 11-17. No parents please.,Arts & Creativity,Teens
"Wednesday July 22, 2026",LEGO League,JAMES I. GIBSON LIBRARY,6:00pm - 6:45pm,We'll provide the LEGOs — you provide the imagination! For families.,STEAM • Fun & Games,Families
"Thursday July 23, 2026",Storytime,JAMES I. GIBSON LIBRARY,9:30am - 10:00am,"Join us for stories, music, and fun activities! Ages 0-5 and caregivers.",Storytime,"Preschoolers, Babies & Toddlers"
"Thursday July 23, 2026",Summer Movie,PASEO VERDE LIBRARY,10:00am - 11:30am,"Bring your family and some snacks and join us for a fun movie and free air-conditioning! We'll be watching Monsters, Inc. (G; 1hr 32min).",Movie,Families
"Thursday July 23, 2026",League of Women Voters of Nevada,PASEO VERDE LIBRARY,10:00am - 12:00pm,Stop by and chat with members of The League of Women Voters of Nevada.,Local Topics & Meetings,Adults Page 11 of 14 --footer-line
"Thursday July 23, 2026",Storytime,JAMES I. GIBSON LIBRARY,10:30am - 11:00am,"Join us for stories, music, and fun activities! Ages 0-5 and caregivers.",Storytime,"Preschoolers, Babies & Toddlers"
"Thursday July 23, 2026",Genealogy Lunch & Learn,PASEO VERDE LIBRARY,12:00pm - 2:00pm,"Programs from CCNGS are geared to empower participants with essential research techniques, tips, and tricks to uncover their ancestral history. Visit our website: ccngs.org for further information.",Genealogy • Local Topics & Meetings • General,Adults
"Thursday July 23, 2026",STEAM Team,JAMES I. GIBSON LIBRARY,2:30pm - 3:15pm,Do you love the outdoors? Come make some camping themed crafts! Ages 6-11*. No younger children allowed.,STEAM,Kids
"Thursday July 23, 2026",Tai Chi with Jeanne,PASEO VERDE LIBRARY,3:00pm - 4:00pm,"Discover Tai Chi almost every Thursday in a welcoming class for all abilities. Gentle movements, standing or seated, help improve balance, calm the mind, and promote overall wellbeing.",Health & Wellness,Adults
"Thursday July 23, 2026",Teen Makerspace,JAMES I. GIBSON LIBRARY,4:00pm - 6:00pm,Want to try your hand on some new crafts? Join your fellow library teens and create something new this summer! Ages 11-17. No parents please.,Arts & Creativity,Teens
"Friday July 24, 2026",Storytime,GREEN VALLEY LIBRARY,10:15am - 10:45am,"Join us for stories, music, and fun activities! Ages 0-5 and caregivers.",Storytime,"Preschoolers, Babies & Toddlers REGISTERED EVENT"
"Friday July 24, 2026",Storytime,WEST HENDERSON LIBRARY,10:15am - 10:45am,"Join us for stories, music, and fun activities! Ages 0-5 and caregivers. Registration required. Check in at the Customer Service Desk.",Storytime,"Preschoolers, Babies & Toddlers"
"Friday July 24, 2026",Storytime,GREEN VALLEY LIBRARY,11:00am - 11:30am,"Join us for stories, music, and fun activities! Ages 0-5 and caregivers.",Storytime,"Preschoolers, Babies & Toddlers REGISTERED EVENT"
"Friday July 24, 2026",Storytime,WEST HENDERSON LIBRARY,11:15am - 11:45am,"Join us for stories, music, and fun activities! Ages 0-5 and caregivers. Registration required. Check in at the Customer Service Desk.",Storytime,"Preschoolers, Babies & Toddlers"
"Friday July 24, 2026",Conversational English Class,PASEO VERDE LIBRARY,12:00pm - 1:30pm,"Join our Conversational English program for relaxed, friendly conversation practice. Build confidence, meet new people, and practice everyday English in a supportive, low-pressure setting. 18+",Local Topics & Meetings • Culture & Diversity,Adults Paleontology- Learn about Pre-
"Friday July 24, 2026",Historic Life,PASEO VERDE LIBRARY,2:30pm - 3:30pm,"Join us for a fossil themed storytime, specimens, and a Dinosaur themed craft. Ages 6 to 11.",STEAM,Kids Page 12 of 14 --footer-line
"Friday July 24, 2026",Gentle Yoga,JAMES I. GIBSON LIBRARY,3:30pm - 4:30pm,"Relax and enjoy the benefits of yoga! This class meets on the 2nd and 4th Fridays of the month. We welcome participants of all levels, including little to no experience. Socks required.",Health & Wellness,Adults
"Saturday July 25, 2026",Club,WEST HENDERSON LIBRARY,8:00am - 9:00am,"Step outside, breathe deeply, and share stories together with Roaming Readers. 18+",Book Club • Health & Wellness,Adults
"Saturday July 25, 2026",Storytime,PASEO VERDE LIBRARY,9:30am - 10:00am,"Join us for stories, music, and fun activities! Ages 0-5 and caregivers.",Storytime,"Preschoolers, Babies & Toddlers"
"Saturday July 25, 2026",Storytime,PASEO VERDE LIBRARY,10:30am - 11:00am,"Join us for stories, music, and fun activities! Ages 0-5 and caregivers.",Storytime,"Preschoolers, Babies & Toddlers"
"Saturday July 25, 2026",Sip & Social for Adults,GREEN VALLEY LIBRARY,2:00pm - 3:00pm,Join our social hour for adults where you can meet new people and chat about K-pop and K- dramas. Age 18+,Fun & Games,Adults
"Saturday July 25, 2026",Teen Game Time!,JAMES I. GIBSON LIBRARY,2:30pm - 3:30pm,Come play games! We’ll have the Nintendo Switch 2 and variety of board games. You can even bring your own portable device to play with friends! Ages 11-17. No parents please.,Fun & Games,Teens
"Saturday July 25, 2026",Teen Dungeons & Dragons,PASEO VERDE LIBRARY,2:30pm - 4:00pm,Let's play some D&D! Open to new and experienced players. Ages 12-17.,Fun & Games,Teens
"Monday July 27, 2026",Yin Yoga for Beginners,PASEO VERDE LIBRARY,10:00am - 11:00am,"This calming yoga session can help improve flexibility, balance, and mindfulness. Space is limited. Passes are available at the Adult Services desk 30 minutes before the program.",Health & Wellness,Adults
"Tuesday July 28, 2026",Henderson Libraries Book Club,VIRTUAL,6:00pm - 7:00pm,"Join us as we read and discuss a variety of interesting and pertinent fiction and non-fiction works. This month's book is ""Lula Dean's Little Library of Banned Books"" by Kirsten Miller.",Book Club,Adults
"Wednesday July 29, 2026",Outreach Event | Leo at Cadence,OUTREACH,10:00am - 11:00am,Summer is almost Here!,Outreach,All Ages Page 13 of 14 --footer-line
"Wednesday July 29, 2026",Summer Movie,JAMES I. GIBSON LIBRARY,10:00am - 12:00pm,Bring your family and some snacks and join us for a fun movie and free air-conditioning! We'll be watching Meet the Robinsons (G; 1hr 35min).,Movie,Families
"Wednesday July 29, 2026",EmploNV Community Outreach,GREEN VALLEY LIBRARY,10:00am - 12:00pm,Stop by and talk with the EmployNV Youth Hub outreach team about the many resources that they offer to young adults.,Local Topics & Meetings,"Teens, Families, Adults Paleontology- Learn about Pre-"
"Wednesday July 29, 2026",Historic Life,JAMES I. GIBSON LIBRARY,3:00pm - 4:00pm,"Join us for a fossil themed storytime, specimens, and a Dinosaur themed craft. Ages 6-11.",STEAM,Kids
"Thursday July 30, 2026",Summer Movie,PASEO VERDE LIBRARY,10:00am - 12:00pm,Bring your family and some snacks and join us for a fun movie and free air-conditioning! We'll be watching Night at the Museum (PG; 1hr 48min).,Movie,Families
"Thursday July 30, 2026",Tai Chi with Jeanne,PASEO VERDE LIBRARY,3:00pm - 4:00pm,"Discover Tai Chi almost every Thursday in a welcoming class for all abilities. Gentle movements, standing or seated, help improve balance, calm the mind, and promote overall wellbeing.",Health & Wellness,Adults
"Friday July 31, 2026",School,OUTREACH,12:00pm - 4:00pm,Get your Backpack Ready...,Outreach,All Ages Page 14 of 14 --footer-line
